2024 Rank,Stat Entity Key,Entity *,Group,2024 Company Level Data Data is updated for completed mergers Assets ($000),2024 Company Level Data Data is updated for completed mergers Capital & Surplus ($000),2024 Company Level Data Data is updated for completed mergers National Direct Premiums Written ($000),Market Share (%) 2024,Market Share (%) 2023,Market Share (%) 2022,Direct Premiums Written ($000) 2024,Direct Premiums Written ($000) 2023,Direct Premiums Written ($000) 2022,Adjusted Loss Ratio (%) 2024,Adjusted Loss Ratio (%) 2023,Adjusted Loss Ratio (%) 2022
1,C10,Accident Fund Ins Co. of Am,AF Group (SNL P&C Group),5885616.0,1974949.0,890893.0,8.42,9.04,9.59,89563.0,97972.0,99462.0,39.08,36.87,29.05
2,C3909,Accident Fund National Ins Co.,AF Group (SNL P&C Group),179460.0,93808.0,160285.0,5.79,6.02,5.99,61538.0,65194.0,62073.0,68.17,55.27,35.59
3,C3908,Accident Fund General Ins Co.,AF Group (SNL P&C Group),323461.0,119781.0,361870.0,4.55,4.76,4.61,48339.0,51536.0,47763.0,25.79,34.95,39.58
4,C5029,Zurich American Insurance Co.,Zurich (SNL P&C Group),30375715.0,5834532.0,9980018.0,3.55,3.04,2.85,37755.0,32902.0,29576.0,48.32,37.57,41.5
5,C760,Frankenmuth Insurance Co.,Frankenmuth Insurance (SNL P&C Group),2008096.0,838310.0,1139404.0,3.03,2.93,2.84,32218.0,31772.0,29407.0,32.54,26.96,36.35
6,C1062,LM Insurance Corp.,Liberty Mutual (SNL P&C Group),125995.0,123683.0,1224415.0,2.41,2.39,2.18,25631.0,25904.0,22584.0,53.37,35.54,103.45
7,C624,Farm Bureau Genl Ins Co. of MI,Michigan Farm Bureau (SNL P&C Group),976650.0,361318.0,935956.0,2.17,2.32,2.25,23103.0,25133.0,23332.0,32.04,29.69,26.57
8,C1827,Travelers Indemnity Co.,Travelers (SNL P&C Group),31143496.0,8601607.0,2590971.0,2.13,2.1,2.3,22601.0,22742.0,23814.0,34.08,78.48,9.04
9,C912,Home-Owners Insurance Co.,Auto-Owners Insurance (SNL P&C Group),2514316.0,1671583.0,443740.0,1.84,1.73,1.61,19591.0,18721.0,16737.0,78.76,39.46,22.99
10,C6183,Manufacturing Technology Mutl,,68196.0,37850.0,18600.0,1.75,1.8,1.72,18600.0,19484.0,17849.0,56.35,54.32,58.85
11,C3251,Michigan Insurance Co.,Donegal (SNL P&C Group),205498.0,74616.0,136984.0,1.67,1.76,1.91,17736.0,19112.0,19819.0,22.62,28.79,28.56
12,C894,Hastings Insurance Co.,,1072878.0,544254.0,444794.0,1.66,1.76,1.81,17663.0,19122.0,18792.0,35.83,55.29,38.61
13,C1729,Standard Fire Insurance Co.,Travelers (SNL P&C Group),5521475.0,1656447.0,4900308.0,1.54,1.07,0.95,16392.0,11551.0,9815.0,39.77,43.73,56.65
14,C4102,CompWest Insurance Co.,AF Group (SNL P&C Group),230005.0,159673.0,103196.0,1.4,1.26,1.13,14850.0,13608.0,11693.0,76.87,89.65,47.05
15,C1398,Old Repub Insurance Co.,Old Republic Insurance (SNL P&C Group),4394004.0,1408088.0,2684104.0,1.38,1.52,1.28,14624.0,16419.0,13288.0,72.47,57.89,57.04
16,C946,Indem Ins Co. of N Amer (PA),Chubb (SNL P&C Group),458804.0,176692.0,1691279.0,1.31,1.37,1.43,13961.0,14835.0,14870.0,-9.36,16.08,-5.73
17,C4515,Retailers Insurance Co.,,33001.0,12947.0,14536.0,1.28,1.23,1.14,13630.0,13289.0,11825.0,48.88,44.47,45.86
18,C972,Insurance Co. of the West,ICW (SNL P&C Group),6508946.0,1863900.0,1278515.0,1.24,0.99,0.7,13155.0,10685.0,7250.0,49.5,42.71,101.9
19,C1157,Amerisure Mutual Insurance Co.,Amerisure (SNL P&C Group),2845615.0,1213801.0,540290.0,1.23,1.27,1.43,13043.0,13808.0,14798.0,1.63,89.39,-43.2
20,C260,Auto-Owners Insurance Co.,Auto-Owners Insurance (SNL P&C Group),26453412.0,14736892.0,9234179.0,1.18,1.24,1.15,12547.0,13390.0,11955.0,81.84,9.47,-39.59
21,C763,Fremont Insurance Co.,Auto Club Insurance Association (SNL P&C Group),201305.0,37206.0,393437.0,1.15,1.01,0.95,12262.0,10944.0,9809.0,7.69,25.84,18.95
22,C1996,West Bend Insurance Co.,West Bend Insurance (SNL P&C Group),4699944.0,1628184.0,2247691.0,1.07,0.93,0.85,11337.0,10053.0,8773.0,43.7,31.46,35.29
23,C246,Atlantic States Insurance Co.,Donegal (SNL P&C Group),1229973.0,316927.0,382198.0,0.98,0.98,0.86,10422.0,10596.0,8968.0,70.57,44.87,90.3
24,C3771,Incline Casualty Co.,Merfax Financial Group LLC (SNL P&C Group),392046.0,69237.0,434651.0,0.96,0.0,0.0,10221.0,0.0,0.0,52.85,NM,NM
25,C394,ACE American Insurance Co.,Chubb (SNL P&C Group),33099621.0,5367783.0,6249995.0,0.92,0.53,0.71,9800.0,5715.0,7364.0,25.68,8.78,-3.21
26,C884,Hartford Accident & Indem Co.,The Hartford (SNL P&C Group),14352514.0,3571547.0,750160.0,0.9,0.87,0.84,9597.0,9445.0,8695.0,105.03,76.86,88.37
27,C1853,Twin City Fire Insurance Co.,The Hartford (SNL P&C Group),778820.0,279559.0,1737752.0,0.89,0.98,0.9,9473.0,10579.0,9339.0,30.15,31.25,65.02
28,C629,Farm Bureau Mutl Ins Co. of MI,Michigan Farm Bureau (SNL P&C Group),1003305.0,427159.0,235333.0,0.87,0.78,0.79,9218.0,8447.0,8154.0,35.46,24.8,44.83
29,C1952,Vanliner Insurance Co.,Great American Insurance (SNL P&C Group),392864.0,224346.0,289393.0,0.84,0.9,0.66,8893.0,9706.0,6892.0,35.1,46.29,46.39
30,C1156,Michigan Millers Mutual Ins Co,Western National Insurance (SNL P&C Group),366676.0,118739.0,169942.0,0.84,0.68,0.65,8888.0,7346.0,6754.0,28.76,43.15,33.45
31,C379,Cherokee Insurance Co.,,880181.0,379088.0,284907.0,0.79,0.81,0.79,8393.0,8773.0,8233.0,7.45,72.79,18.15
32,C713,Arch Insurance Co.,Arch Capital (SNL P&C Group),11982943.0,2667442.0,3965145.0,0.78,0.79,0.83,8317.0,8521.0,8632.0,32.17,53.85,43.41
33,C1829,Travelers Indemnity Co. of CT,Travelers (SNL P&C Group),1500604.0,355368.0,1965738.0,0.78,0.91,1.11,8273.0,9859.0,11536.0,-13.85,-3.75,46.08
34,C985,XL Specialty Insurance Co.,AXA SA (SNL P&C Group),3440478.0,788090.0,2931471.0,0.75,0.67,0.32,7954.0,7282.0,3270.0,7.93,40.71,-68.37
35,C3053,Acuity A Mutual Insurance Co.,,7426421.0,3229180.0,3100274.0,0.73,0.78,0.78,7761.0,8469.0,8135.0,48.75,120.02,38.31
36,C582,RiverStone Intl Ins Inc.,,616124.0,188996.0,234532.0,0.64,0.21,0.21,6823.0,2318.0,2148.0,-4.27,-2.99,73.29
37,C186,American Zurich Insurance Co.,Zurich (SNL P&C Group),257118.0,202483.0,1479809.0,0.63,0.79,0.8,6745.0,8554.0,8330.0,115.12,39.76,-24.85
38,C1596,Starr Indemnity & Liability Co,Starr Cos. (SNL P&C Group),10414716.0,3889616.0,3937443.0,0.63,0.68,0.5,6666.0,7330.0,5182.0,44.84,3.61,42.67
39,C190,Amerisure Insurance Co.,Amerisure (SNL P&C Group),977295.0,233814.0,377683.0,0.6,0.84,0.94,6402.0,9150.0,9792.0,-6.91,78.72,78.97
40,C1049,Liberty Insurance Corp.,Liberty Mutual (SNL P&C Group),223361.0,216013.0,1748456.0,0.56,0.69,0.59,5916.0,7491.0,6146.0,25.57,102.39,39.71
41,C1291,National Union Fire Ins Co.,AIG (SNL P&C Group),20719181.0,5414302.0,6410096.0,0.56,0.64,0.38,5909.0,6892.0,3897.0,69.77,135.29,NM
42,C676,Federated Mutual Insurance Co.,Federated Insurance (SNL P&C Group),10811611.0,5749239.0,2109027.0,0.56,0.58,0.69,5906.0,6290.0,7149.0,33.59,43.99,50.14
43,C1848,Trumbull Insurance Co.,The Hartford (SNL P&C Group),318261.0,154990.0,1407865.0,0.55,0.43,0.42,5825.0,4685.0,4363.0,59.84,62.42,6.85
44,C1828,Travelers Indemnity Co. of Am,Travelers (SNL P&C Group),893986.0,200907.0,1273971.0,0.53,0.57,0.61,5600.0,6203.0,6300.0,20.5,166.1,44.61
45,C1993,Wesco Insurance Co.,AmTrust Financial (SNL P&C Group),2357533.0,615689.0,2135232.0,0.51,0.43,0.62,5424.0,4626.0,6386.0,42.83,48.16,37.71
46,C404,Cincinnati Indemnity Co.,The Cincinnati Insurance Cos. (SNL P&C Group),200275.0,137978.0,666712.0,0.5,0.54,0.55,5311.0,5801.0,5745.0,25.93,35.66,40.56
47,C8982,Federated Reserve Insurance Co,Federated Insurance (SNL P&C Group),195337.0,84174.0,470167.0,0.49,0.49,0.36,5253.0,5283.0,3767.0,44.76,62.14,34.69
48,C512,Berkshire Hathaway Homestate,Berkshire Hathaway Inc. (SNL P&C Group),4877281.0,2773882.0,741902.0,0.48,0.4,0.34,5088.0,4376.0,3551.0,110.25,46.29,55.24
49,C592,Employers Mutual Casualty Co.,EMC Insurance (SNL P&C Group),5826544.0,1790946.0,1391925.0,0.47,0.52,0.59,5013.0,5618.0,6078.0,131.27,50.15,53.66
50,C77,Great American Alliance Ins Co,Great American Insurance (SNL P&C Group),31968.0,31946.0,517662.0,0.46,0.58,0.56,4860.0,6260.0,5806.0,-10.6,6.86,2.23
51,C125,The Pie Insurance Co.,Pie Group Holdings (SNL P&C Group),321424.0,81696.0,365042.0,0.46,0.01,0.0,4855.0,132.0,0.0,46.92,NM,NM
52,C1655,SECURA Insurance Co.,SECURA Insurance Companies (SNL P&C Group),1909921.0,707575.0,880310.0,0.46,0.52,0.56,4853.0,5598.0,5786.0,35.62,39.97,168.11
53,C495,Continental Casualty Co.,CNA (SNL P&C Group),49555083.0,11164692.0,7197529.0,0.45,0.47,0.43,4815.0,5130.0,4436.0,51.04,168.75,NM
54,C674,Federal Insurance Co.,Chubb (SNL P&C Group),21440244.0,4978410.0,8162903.0,0.45,0.37,0.42,4744.0,3987.0,4381.0,21.18,21.77,1.45
55,C84,American Cas Co. of Reading PA,CNA (SNL P&C Group),95573.0,95495.0,1025001.0,0.44,0.37,0.3,4655.0,4021.0,3161.0,38.58,11.25,74.07
56,C888,Hartford Ins Co. of the MW,The Hartford (SNL P&C Group),589560.0,425145.0,763233.0,0.43,0.44,0.42,4586.0,4742.0,4403.0,20.59,NM,48.01
57,C8433,PinnaclePoint Insurance Co.,Encova Insurance (SNL P&C Group),199825.0,36991.0,213132.0,0.42,0.24,0.23,4509.0,2563.0,2417.0,404.3,40.49,54.03
58,C4044,BrickStreet Mutual Ins Co.,Encova Insurance (SNL P&C Group),2823942.0,1210129.0,141243.0,0.42,0.3,0.33,4502.0,3270.0,3466.0,33.25,37.1,53.88
59,C591,Employers Ins Co. of Wausau,Liberty Mutual (SNL P&C Group),8882975.0,2095175.0,963420.0,0.4,0.48,0.35,4293.0,5186.0,3644.0,38.01,37.25,65.09
60,C585,EMCASCO Insurance Co.,EMC Insurance (SNL P&C Group),154161.0,149972.0,399984.0,0.39,0.59,0.61,4106.0,6393.0,6351.0,54.51,129.83,50.46
61,C886,Hartford Fire Insurance Co,The Hartford (SNL P&C Group),28213782.0,12499925.0,3137310.0,0.38,0.37,0.44,4071.0,3958.0,4558.0,36.15,96.83,63.48
62,C887,Hartford Insurance Co. of IL,The Hartford (SNL P&C Group),4640114.0,1341112.0,147595.0,0.38,0.34,0.29,4051.0,3726.0,3001.0,51.17,22.87,30.92
63,C6153,Conifer Insurance Co.,,169209.0,33482.0,61788.0,0.37,0.34,0.45,3973.0,3700.0,4660.0,22.6,28.14,43.22
64,C1739,State Farm F&C Co.,State Farm (SNL P&C Group),60365226.0,22645382.0,32468456.0,0.37,0.36,0.35,3930.0,3923.0,3624.0,-15.74,-2.51,19.79
65,C872,Hanover Insurance Co.,The Hanover Insurance Group (SNL P&C Group),11349940.0,2962465.0,2365929.0,0.36,0.37,0.41,3862.0,4063.0,4226.0,35.52,18.04,34.23
66,C41,AIU Insurance Co.,AIG (SNL P&C Group),133489.0,75039.0,497882.0,0.36,0.36,0.39,3841.0,3869.0,4030.0,29.19,35.46,20.29
67,C1831,Travelers Commercial Cas Co.,Travelers (SNL P&C Group),448200.0,102063.0,41982.0,0.34,0.35,0.34,3667.0,3838.0,3496.0,44.77,38.25,65.19
68,C1773,Technology Insurance Co.,AmTrust Financial (SNL P&C Group),7381909.0,1578064.0,1627007.0,0.34,0.42,0.42,3658.0,4505.0,4371.0,48.7,11.82,95.01
69,C1552,P&C Insurance Co. of Hartford,The Hartford (SNL P&C Group),599747.0,326687.0,874161.0,0.34,0.46,0.4,3650.0,4971.0,4149.0,17.07,27.18,62.46
70,C18,Travelers Casualty & Surety Co,Travelers (SNL P&C Group),23458344.0,8355403.0,537734.0,0.34,0.35,0.39,3632.0,3766.0,4019.0,25.43,67.23,23.15
71,C377,Charter Oak Fire Insurance Co.,Travelers (SNL P&C Group),1365978.0,275847.0,1928095.0,0.34,0.38,0.49,3607.0,4091.0,5119.0,90.24,-11.95,106.14
72,C1830,Travelers Ppty Cas Co. of Am,Travelers (SNL P&C Group),1300143.0,487560.0,7780168.0,0.34,0.44,0.58,3568.0,4810.0,5994.0,31.28,18.25,54.6
73,C135,EMC P&C Co.,EMC Insurance (SNL P&C Group),18704.0,18300.0,303632.0,0.33,0.32,0.28,3499.0,3461.0,2949.0,30.84,28.95,26.39
74,C1266,Natl Fire Ins Co. of Hartford,CNA (SNL P&C Group),81922.0,81824.0,748720.0,0.33,0.24,0.23,3495.0,2607.0,2392.0,40.21,NM,155.36
75,C889,Hartford Ins Co. of the SE,The Hartford (SNL P&C Group),236822.0,73291.0,528072.0,0.33,0.39,0.33,3493.0,4208.0,3419.0,55.01,7.28,57.83
76,C66,Allmerica Finl Benefit Ins Co.,The Hanover Insurance Group (SNL P&C Group),105519.0,105385.0,813665.0,0.32,0.33,0.35,3402.0,3546.0,3597.0,15.31,132.22,47.68
77,C1385,Ohio Security Insurance Co.,Liberty Mutual (SNL P&C Group),26824.0,16618.0,2249336.0,0.3,0.38,0.44,3228.0,4148.0,4521.0,133.67,57.62,56.97
78,C65,Allmerica Finl Alliance Ins Co,The Hanover Insurance Group (SNL P&C Group),28618.0,28587.0,237047.0,0.3,0.23,0.18,3206.0,2497.0,1893.0,59.53,3,40.2
79,C1098,Massachusetts Bay Insurance Co,The Hanover Insurance Group (SNL P&C Group),82410.0,82283.0,658582.0,0.3,0.33,0.44,3171.0,3617.0,4548.0,-18.96,24.47,13.39
80,C1946,Valley Forge Insurance Co.,CNA (SNL P&C Group),52822.0,52744.0,655823.0,0.29,0.22,0.26,3130.0,2397.0,2649.0,46.48,-16.64,89.13
81,C294,Benchmark Insurance Co.,Trean Insurance Group (SNL P&C Group),1213272.0,217652.0,785867.0,0.29,1.41,1.59,3128.0,15296.0,16470.0,21.95,-1.52,23.7
82,C1311,New Hampshire Insurance Co.,AIG (SNL P&C Group),221750.0,76562.0,627747.0,0.29,0.26,0.43,3091.0,2823.0,4461.0,112.35,28.09,-15.38
83,C1093,Markel Insurance Co.,Markel (SNL P&C Group),5905439.0,2988538.0,1054075.0,0.29,0.28,0.28,3090.0,3011.0,2927.0,45.79,10.22,19.7
84,C1334,NorGUARD Insurance Co.,Berkshire Hathaway Inc. (SNL P&C Group),2500545.0,430969.0,396050.0,0.28,0.36,0.41,3004.0,3885.0,4240.0,16.6,41.68,7.68
85,C1370,Nutmeg Insurance Co.,The Hartford (SNL P&C Group),523156.0,294527.0,403859.0,0.28,0.32,0.29,2967.0,3486.0,3032.0,47.93,41.61,34.42
86,C1584,Redwood Fire & Casualty Ins Co,Berkshire Hathaway Inc. (SNL P&C Group),3214182.0,1751711.0,375199.0,0.27,0.34,0.19,2879.0,3634.0,1973.0,53.02,44.92,17.61
87,C1666,Selective Way Insurance Co.,Selective (SNL P&C Group),2440623.0,593189.0,428106.0,0.27,0.26,0.23,2859.0,2831.0,2400.0,65.5,22.48,66.47
88,C386,Chubb Indemnity Insurance Co.,Chubb (SNL P&C Group),310348.0,185760.0,495097.0,0.26,0.3,0.36,2799.0,3197.0,3684.0,40.99,37.52,36.49
89,C1257,National Casualty Co.,Nationwide (SNL P&C Group),1072020.0,215816.0,1600237.0,0.26,0.16,0.07,2792.0,1781.0,729.0,48.64,-17.56,114.74
90,C893,Hartford Underwriters Ins Co.,The Hartford (SNL P&C Group),1921864.0,612889.0,2514543.0,0.26,0.27,0.24,2782.0,2925.0,2488.0,43.56,23.09,-7.69
91,C1464,PA Manufacturers' Assn Ins Co.,Old Republic Insurance (SNL P&C Group),1529991.0,333254.0,690446.0,0.26,0.24,0.26,2771.0,2589.0,2664.0,29.97,23.98,64.24
92,C885,Hartford Casualty Insurance Co,The Hartford (SNL P&C Group),2724138.0,926679.0,1459970.0,0.26,0.32,0.35,2766.0,3516.0,3634.0,38.1,109.38,80.27
93,C1635,Safety National Casualty Corp.,Tokio Marine (SNL P&C Group),14782244.0,4636721.0,1363317.0,0.26,0.17,0.19,2758.0,1883.0,1930.0,NM,-31.57,25.84
94,C1005,Sentry Casualty Co.,Sentry (SNL P&C Group),255959.0,78627.0,207056.0,0.26,0.26,0.22,2751.0,2791.0,2320.0,NM,182.53,147.19
95,C20,Travelers Cas Ins Co. of Am,Travelers (SNL P&C Group),2658627.0,593141.0,1282420.0,0.26,0.25,0.24,2735.0,2711.0,2445.0,23.73,99.28,56.23
96,C871,Hanover American Insurance Co.,The Hanover Insurance Group (SNL P&C Group),38027.0,38024.0,294260.0,0.25,0.25,0.23,2630.0,2717.0,2436.0,32.39,58.14,342.25
97,C1669,Sentry Insurance Co.,Sentry (SNL P&C Group),17193363.0,7902145.0,830345.0,0.24,0.2,0.25,2583.0,2214.0,2545.0,44.28,66.1,6.61
98,C1280,National Liab & Fire Ins Co.,Berkshire Hathaway Inc. (SNL P&C Group),6088682.0,2421788.0,1237568.0,0.24,0.15,0.12,2564.0,1650.0,1257.0,36.76,30.63,62.93
99,C351,Carolina Casualty Insurance Co,W. R. Berkley Corp. (SNL P&C Group),318004.0,120191.0,461471.0,0.24,0.15,0.09,2514.0,1648.0,965.0,43.43,35.84,26.24
100,C725,First Liberty Insurance Corp.,Liberty Mutual (SNL P&C Group),21548.0,20894.0,442535.0,0.24,0.12,0.09,2508.0,1249.0,957.0,8.34,22.63,2.21
101,C1909,United Wisconsin Insurance Co.,AF Group (SNL P&C Group),205872.0,129477.0,174201.0,0.23,0.14,0.17,2456.0,1534.0,1795.0,20.27,-55.95,28.84
102,C1792,StarStone National Ins Co.,StarStone (SNL P&C Group),1957809.0,498559.0,664554.0,0.23,0.33,0.21,2432.0,3604.0,2138.0,34.46,69.84,55.62
103,C1665,Selective Ins Co. of the SE,Selective (SNL P&C Group),913089.0,199518.0,1068716.0,0.23,0.27,0.26,2432.0,2877.0,2731.0,15.3,15.76,25.06
104,C402,Cincinnati Casualty Co.,The Cincinnati Insurance Cos. (SNL P&C Group),700402.0,555215.0,1546959.0,0.22,0.24,0.32,2381.0,2561.0,3292.0,-14.02,35.33,147.6
105,C1488,Phoenix Insurance Co.,Travelers (SNL P&C Group),5794684.0,2007382.0,1627739.0,0.22,0.17,0.27,2369.0,1788.0,2812.0,-4.48,19.73,37.85
106,C563,Donegal Mutual Insurance Co.,Donegal (SNL P&C Group),762505.0,397617.0,397436.0,0.22,0.19,0.18,2360.0,2078.0,1850.0,36.24,85.1,53.13
107,C852,Great West Casualty Co.,Old Republic Insurance (SNL P&C Group),3226361.0,819089.0,1921056.0,0.22,0.21,0.22,2335.0,2329.0,2300.0,42.22,20.16,116.59
108,C3838,Allied Eastern Indemnity Co.,ProAssurance Corp. (SNL P&C Group),110564.0,14030.0,103289.0,0.22,0.25,0.25,2323.0,2657.0,2628.0,48.33,52.52,39.16
109,C1664,Selective Insurance Co. of SC,Selective (SNL P&C Group),1154880.0,254083.0,1035559.0,0.22,0.24,0.23,2320.0,2552.0,2356.0,10.14,8.48,60.47
110,C411,Citizens Insurance Co. of Am,The Hanover Insurance Group (SNL P&C Group),1797221.0,632718.0,551204.0,0.22,0.22,0.22,2302.0,2393.0,2309.0,-43.51,-84.72,-29.05
111,C837,Granite State Insurance Co.,AIG (SNL P&C Group),61094.0,29478.0,239665.0,0.21,0.2,0.23,2276.0,2136.0,2340.0,48.13,116.23,58.46
112,C1824,Transportation Insurance Co.,CNA (SNL P&C Group),71586.0,71468.0,511713.0,0.21,0.16,0.13,2244.0,1714.0,1327.0,58.18,-38.05,124.8
113,C310,Brotherhood Mutual Ins Co.,,1219476.0,382567.0,899007.0,0.2,0.2,0.21,2178.0,2171.0,2206.0,40.58,13.87,43.83
114,C498,Continental Insurance Co.,CNA (SNL P&C Group),2181653.0,2031242.0,2051468.0,0.2,0.15,0.14,2146.0,1613.0,1441.0,70.46,75.55,62.38
115,C1656,SECURA Supreme Insurance Co.,SECURA Insurance Companies (SNL P&C Group),211648.0,83398.0,119276.0,0.2,0.19,0.21,2101.0,2004.0,2161.0,48.87,54.5,62.82
116,C391,Church Mutual Ins Co. S.I.,Church Mutual (SNL P&C Group),2470636.0,712925.0,969239.0,0.2,0.21,0.2,2090.0,2241.0,2032.0,46.35,88.22,40.64
117,C2043,Sompo America Insurance Co.,Sompo (SNL P&C Group),776822.0,561760.0,689974.0,0.19,0.27,0.19,2032.0,2933.0,1922.0,42.16,14.44,23.7
118,C405,Cincinnati Insurance Co.,The Cincinnati Insurance Cos. (SNL P&C Group),22730881.0,8602690.0,5553894.0,0.19,0.26,0.23,1968.0,2836.0,2407.0,-0.38,-14.25,21.51
119,C3938,Praetorian Insurance Co.,QBE (SNL P&C Group),459084.0,93305.0,518721.0,0.18,0.3,0.27,1963.0,3207.0,2832.0,29.89,56.08,35.64
120,C278,Bankers Standard Insurance Co.,Chubb (SNL P&C Group),349845.0,230308.0,839326.0,0.18,0.17,0.11,1956.0,1886.0,1128.0,54.47,37.72,43.76
121,C1556,Protective Insurance Co.,Progressive (SNL P&C Group),1253050.0,339020.0,448657.0,0.18,0.27,0.35,1890.0,2906.0,3657.0,50.02,3.76,58.01
122,C6503,NorthStone Insurance Co.,Encova Insurance (SNL P&C Group),136398.0,28186.0,142403.0,0.18,0.15,0.15,1887.0,1658.0,1594.0,17.88,88.62,59.62
123,C1088,Manufacturers Alliance Ins Co.,Old Republic Insurance (SNL P&C Group),300955.0,83313.0,286452.0,0.18,0.14,0.13,1860.0,1546.0,1318.0,17.05,22.03,36.16
124,C1174,Middlesex Insurance Co.,Sentry (SNL P&C Group),292146.0,262620.0,488928.0,0.17,0.18,0.2,1784.0,1960.0,2056.0,-22.8,106.87,83.65
125,C673,FCCI Insurance Co.,FCCI (SNL P&C Group),3000923.0,1007908.0,742969.0,0.17,0.18,0.17,1773.0,1901.0,1751.0,46.59,10.09,29.81
126,C85,Berkshire Hathaway Direct Ins,Berkshire Hathaway Inc. (SNL P&C Group),810775.0,222487.0,716709.0,0.16,0.17,0.17,1660.0,1815.0,1784.0,50.17,39.03,9.87
127,C1747,State National Insurance Co.,Markel (SNL P&C Group),1685768.0,649384.0,1807033.0,0.15,0.16,0.31,1637.0,1765.0,3207.0,121.07,40.75,33.45
128,C669,Farmington Casualty Co.,Travelers (SNL P&C Group),1428464.0,324553.0,211646.0,0.15,0.2,0.16,1597.0,2117.0,1706.0,69.31,54.79,33.96
129,C4002,Amerisure Partners Ins Co.,Amerisure (SNL P&C Group),129537.0,48026.0,58868.0,0.15,0.16,0.2,1596.0,1756.0,2122.0,77.84,85.89,70.06
130,C1663,Selective Insurance Co. of Am,Selective (SNL P&C Group),4211302.0,997472.0,1331108.0,0.14,0.12,0.13,1533.0,1272.0,1368.0,58.85,111.18,78.82
131,C3852,Grange Insurance Co. of MI,Grange Insurance (SNL P&C Group),45291.0,40797.0,27550.0,0.14,0.13,0.13,1475.0,1404.0,1355.0,89.05,2.92,64.35
132,C1211,Monroe Guaranty Insurance Co.,FCCI (SNL P&C Group),64238.0,63027.0,265315.0,0.13,0.14,0.15,1428.0,1504.0,1582.0,29.67,34.78,22.04
133,C9039,Starr Specialty Insurance Co.,Starr Cos. (SNL P&C Group),127974.0,47992.0,209306.0,0.13,0.1,0.08,1351.0,1125.0,825.0,20.15,50.28,-21.76
134,C119,Service American Indemnity Co.,Gray Family (SNL P&C Group),223325.0,31169.0,270675.0,0.13,0.11,0.09,1339.0,1166.0,918.0,58.66,23.5,38.61
135,C843,Great Divide Insurance Co.,W. R. Berkley Corp. (SNL P&C Group),233335.0,124837.0,349601.0,0.13,0.09,0.1,1330.0,998.0,1018.0,16.75,-31.58,53.11
136,C1194,Milford Casualty Insurance Co.,AmTrust Financial (SNL P&C Group),27660.0,26993.0,98333.0,0.12,0.05,0.02,1307.0,559.0,194.0,82.94,7.3,-43.64
137,C2054,Zurich American Ins Co. of IL,Zurich (SNL P&C Group),55554.0,34299.0,234720.0,0.12,0.24,0.37,1304.0,2625.0,3815.0,87.44,61.54,-14.14
138,C1500,Employers Preferred Ins Co.,Employers (SNL P&C Group),1087241.0,239988.0,482705.0,0.12,0.09,0.12,1281.0,1007.0,1195.0,75.87,81.74,53.67
139,C2004,Arch Indemnity Insurance Co.,Arch Capital (SNL P&C Group),288598.0,109988.0,228266.0,0.12,0.12,0.1,1265.0,1344.0,1029.0,25.15,45.68,49.71
140,C3749,Sentinel Insurance Co. Ltd.,The Hartford (SNL P&C Group),377216.0,278031.0,1121984.0,0.12,0.11,0.16,1238.0,1239.0,1645.0,27.78,26,-20.2
141,C1262,Ascot Insurance Co.,Ascot (SNL P&C Group),1440139.0,774825.0,492649.0,0.11,0.01,0.0,1222.0,92.0,0.0,47.47,60.61,NM
142,C1503,Pioneer State Mutual Ins Co.,,841988.0,530653.0,255177.0,0.11,0.23,0.25,1218.0,2538.0,2640.0,121.86,104.91,117.86
143,C3219,Eastern Alliance Insurance Co.,ProAssurance Corp. (SNL P&C Group),304532.0,69567.0,97223.0,0.11,0.08,0.07,1162.0,858.0,726.0,0.47,15.08,0
144,C371,SUNZ Insurance Co.,,809621.0,188254.0,127222.0,0.11,0.07,0.02,1134.0,706.0,172.0,15.43,21.47,0
145,C296,BITCO General Insurance Corp.,Old Republic Insurance (SNL P&C Group),1204747.0,352337.0,567711.0,0.1,0.1,0.07,1098.0,1033.0,706.0,75.89,13.61,-51.06
146,C115,American Grte & Liab Ins Co.,Zurich (SNL P&C Group),288525.0,183247.0,1220400.0,0.1,0.07,0.06,1088.0,767.0,674.0,87.09,134.98,339.18
147,C1326,Sompo Am Fire & Marine Ins Co.,Sompo (SNL P&C Group),87049.0,21965.0,82612.0,0.1,0.08,0.06,1086.0,906.0,627.0,42.31,38.57,32.38
148,C3767,Tokio Marine America Ins Co.,Tokio Marine (SNL P&C Group),1460186.0,490415.0,601936.0,0.1,0.09,0.09,1027.0,984.0,963.0,NM,3.39,-11.18
149,C236,Wellfleet New York Ins Co.,Berkshire Hathaway Inc. (SNL P&C Group),188961.0,25854.0,232985.0,0.09,0.07,0.04,1008.0,796.0,417.0,29.79,60.15,22.77
150,C389,Chubb National Insurance Co.,Chubb (SNL P&C Group),347459.0,204099.0,1189395.0,0.09,0.08,0.09,970.0,814.0,971.0,54.72,29.25,25.49
151,C8432,SummitPoint Insurance Co.,Encova Insurance (SNL P&C Group),112123.0,36354.0,54276.0,0.09,0.07,0.07,955.0,706.0,766.0,44.28,27.52,51.09
152,C2969,Diamond Insurance Co.,,74887.0,26767.0,16209.0,0.09,0.06,0.01,930.0,663.0,93.0,82.8,-7.22,20.13
153,C901,Clear Spring P&C Co.,DLICM LLC (SNL P&C Group),664119.0,202207.0,303018.0,0.08,0.06,0.02,880.0,605.0,241.0,18.89,93.84,58.68
154,C3637,Natl Interst Ins Co. of HI Inc,Great American Insurance (SNL P&C Group),56545.0,16903.0,59210.0,0.08,0.05,0.04,875.0,506.0,374.0,7.24,23.17,42.82
155,C700,Fire Insurance Exchange,Farmers Insurance (SNL P&C Group),3542407.0,1167165.0,1913689.0,0.08,0.07,0.08,866.0,786.0,780.0,49.4,103.09,68.53
156,C606,Everest National Insurance Co.,Everest Re (SNL P&C Group),1683193.0,292074.0,1223321.0,0.08,0.07,0.08,842.0,747.0,793.0,-17.6,229.78,514.5
157,C1789,Employers Assurance Co.,Employers (SNL P&C Group),820090.0,236820.0,211192.0,0.08,0.04,0.03,817.0,422.0,286.0,58.44,26.03,5.67
158,C9016,Everest Denali Insurance Co.,Everest Re (SNL P&C Group),159219.0,18390.0,238423.0,0.08,0.11,0.14,811.0,1157.0,1441.0,70.81,61.27,25.91
159,C555,Depositors Insurance Co.,Nationwide (SNL P&C Group),149601.0,43224.0,280972.0,0.08,0.15,0.21,809.0,1607.0,2162.0,167.42,34.39,71.8
160,C1051,Liberty Mutual Fire Ins Co.,Liberty Mutual (SNL P&C Group),8700778.0,1948648.0,4100383.0,0.08,0.28,0.72,805.0,3027.0,7485.0,-19.73,28.8,31.41
161,C971,Ins Co. of the State of PA,AIG (SNL P&C Group),174448.0,41659.0,374667.0,0.08,0.04,0.05,805.0,425.0,528.0,-88.72,516.1,NM
162,C1441,Patriot General Insurance Co.,Sentry (SNL P&C Group),27084.0,25416.0,73909.0,0.07,0.08,0.07,796.0,856.0,746.0,63,-10.81,137.37
163,C1588,Regent Insurance Co.,QBE (SNL P&C Group),57275.0,24760.0,34094.0,0.07,0.04,0.03,775.0,467.0,327.0,-19.62,4.46,NM
164,C192,AmGUARD Insurance Co.,Berkshire Hathaway Inc. (SNL P&C Group),1977219.0,311776.0,1383564.0,0.06,0.08,0.09,690.0,873.0,919.0,-31.59,18.24,38.36
165,C1117,QBE Insurance Corp.,QBE (SNL P&C Group),3792096.0,717202.0,1681533.0,0.06,0.15,0.22,687.0,1656.0,2265.0,NM,10.57,19.54
166,C1950,XL Insurance America Inc.,AXA SA (SNL P&C Group),572168.0,186429.0,1792509.0,0.06,0.08,0.07,685.0,902.0,778.0,4.5,17.63,190.61
167,C9014,Everest Premier Insurance Co.,Everest Re (SNL P&C Group),267560.0,20189.0,308102.0,0.06,0.09,0.05,677.0,1013.0,567.0,53.53,23.96,37.32
168,C1395,Old Guard Insurance Co.,Westfield Insurance (SNL P&C Group),656961.0,273996.0,227784.0,0.06,0.06,0.05,652.0,697.0,535.0,-17.64,122.82,69.55
169,C1671,Sequoia Insurance Co.,AmTrust Financial (SNL P&C Group),54484.0,51387.0,209711.0,0.06,0.04,0.03,623.0,449.0,329.0,-11.23,73.78,192.87
170,C1963,Vigilant Insurance Co.,Chubb (SNL P&C Group),514024.0,392348.0,488261.0,0.06,0.08,0.09,612.0,888.0,902.0,72.78,14.08,307.11
171,C1006,Sentry Select Insurance Co.,Sentry (SNL P&C Group),362734.0,253989.0,982312.0,0.06,0.08,0.09,607.0,838.0,890.0,11.35,8.39,43.21
172,C1607,StarNet Insurance Co.,W. R. Berkley Corp. (SNL P&C Group),294985.0,132721.0,372029.0,0.05,0.06,0.1,582.0,630.0,993.0,155.88,215.04,202.65
173,C2020,Westfield Insurance Co.,Westfield Insurance (SNL P&C Group),3657213.0,1265768.0,982279.0,0.05,0.06,0.09,576.0,665.0,894.0,107.89,-4.16,33.07
174,C1424,Pacific Indemnity Co.,Chubb (SNL P&C Group),16461694.0,4059838.0,743713.0,0.05,0.03,0.04,565.0,332.0,405.0,13.59,-45.28,NM
175,C678,Federated Rural Electric Ins,,758034.0,288789.0,255854.0,0.05,0.06,0.06,562.0,610.0,577.0,-1.23,58.35,223.1
176,C1659,Security National Ins Co. (TX),AmTrust Financial (SNL P&C Group),1154773.0,298730.0,637113.0,0.05,0.04,0.05,558.0,425.0,526.0,-3.45,64.17,59.88
177,C1791,Nationwide Insurance Co. of Am,Nationwide (SNL P&C Group),1145836.0,270346.0,1947367.0,0.05,0.03,0.0,556.0,327.0,18.0,4.28,16.82,0.81
178,C1733,Star Insurance Co.,AF Group (SNL P&C Group),2455345.0,674008.0,277126.0,0.05,0.11,0.18,546.0,1181.0,1898.0,61,104.28,445.09
179,C3794,Intrepid Insurance Co.,W. R. Berkley Corp. (SNL P&C Group),92134.0,34333.0,126335.0,0.05,0.06,0.03,527.0,634.0,326.0,102.03,48.81,32.12
180,C1218,Work First Casualty Co.,,117924.0,59822.0,26671.0,0.05,0.07,0.07,507.0,797.0,750.0,-3.47,56.11,39.25
181,C212,Argonaut Insurance Co.,Brookfield Wealth Solutions Lt (SNL P&C Group),2829214.0,1497555.0,507816.0,0.05,0.05,0.03,493.0,495.0,259.0,65.27,35.06,577.39
182,C2052,Zenith Insurance Co.,Fairfax Financial (SNL P&C Group),1905200.0,705771.0,608771.0,0.05,0.06,0.06,489.0,677.0,574.0,110.81,33.89,-11.69
183,C1254,Berkley Regional Insurance Co.,W. R. Berkley Corp. (SNL P&C Group),1040885.0,917020.0,359251.0,0.05,0.0,0.02,488.0,50.0,213.0,3.7,397.36,18.45
184,C1906,U.S. Fire Insurance Co.,Fairfax Financial (SNL P&C Group),8276097.0,2696646.0,2197095.0,0.05,0.04,0.04,488.0,453.0,445.0,75.11,NM,-61.6
185,C398,ACE P&C Insurance Co.,Chubb (SNL P&C Group),17309877.0,3862646.0,4586308.0,0.05,0.04,0.04,484.0,469.0,370.0,34.74,25.61,NM
186,C1457,Peninsula Insurance Co.,Donegal (SNL P&C Group),104643.0,47343.0,44359.0,0.05,0.0,0.0,483.0,2.0,0.0,59.98,0,NM
187,C1703,Southern Insurance Co.,AmTrust Financial (SNL P&C Group),42136.0,30200.0,69895.0,0.04,0.05,0.01,463.0,548.0,87.0,30.37,12.66,152.04
188,C1251,Plaza Insurance Co.,Liberty Mutual (SNL P&C Group),25978.0,24315.0,14116.0,0.04,0.06,0.05,459.0,618.0,538.0,53.86,45.37,7.26
189,C1206,Mitsui Sumitomo Ins USA Inc.,MS&AD Insurance (SNL P&C Group),410932.0,242224.0,196259.0,0.04,0.06,0.08,454.0,636.0,805.0,9.97,6.22,18.11
190,C364,Central Mutual Insurance Co.,Central Insurance Companies (SNL P&C Group),2236623.0,1075097.0,907562.0,0.04,0.03,0.02,453.0,301.0,211.0,44.09,10.57,-3.89
191,C1758,Mitsui Sumitomo Ins Co. of Am,MS&AD Insurance (SNL P&C Group),2597474.0,1231192.0,436672.0,0.04,0.1,0.11,449.0,1074.0,1096.0,14.04,35.12,-10.4
192,C6,Acadia Insurance Co.,W. R. Berkley Corp. (SNL P&C Group),241003.0,58936.0,539220.0,0.04,0.03,0.0,448.0,350.0,32.0,75.71,41.44,NM
193,C3856,MEMIC Indemnity Co.,MEMIC (SNL P&C Group),644025.0,197605.0,182779.0,0.04,0.02,0.02,443.0,243.0,207.0,1.05,53.34,NM
194,C3619,Key Risk Insurance Co.,W. R. Berkley Corp. (SNL P&C Group),105122.0,37421.0,294046.0,0.04,0.01,0.01,432.0,125.0,119.0,41.98,190.5,53.58
195,C1737,State Automobile Mutual Ins Co,Liberty Mutual (SNL P&C Group),694375.0,573355.0,918190.0,0.04,0.06,0.07,427.0,682.0,702.0,64.21,47.24,6.13
196,C37,Great American Assurance Co.,Great American Insurance (SNL P&C Group),26901.0,26643.0,1121436.0,0.04,0.04,0.01,424.0,434.0,129.0,3.15,28.44,-61.52
197,C1744,SFM Mutual Insurance Co.,SFM Mutual Insurance Co. (SNL P&C Group),1012549.0,367797.0,206498.0,0.04,0.03,0.03,418.0,324.0,359.0,15.22,121.39,36.63
198,C1467,Penn Millers Insurance Co.,Chubb (SNL P&C Group),107513.0,53649.0,226398.0,0.04,0.03,0.03,410.0,373.0,358.0,-26.71,-15.69,36.93
199,C412,Citizens Insurance Co. of Ohio,The Hanover Insurance Group (SNL P&C Group),8549.0,8548.0,730.0,0.04,0.05,0.1,409.0,589.0,1056.0,-20.83,-7.92,5.67
200,C1279,National Interstate Ins Co.,Great American Insurance (SNL P&C Group),2255083.0,505055.0,809013.0,0.04,0.06,0.07,401.0,682.0,708.0,44.77,-46.43,46.75
201,C1873,Union Ins Co. of Providence,EMC Insurance (SNL P&C Group),12644.0,12342.0,64104.0,0.04,0.09,0.08,390.0,1005.0,875.0,117.05,70.8,70.61
202,C454,Commerce & Industry Ins Co.,AIG (SNL P&C Group),1846922.0,459717.0,183900.0,0.04,0.0,0.01,388.0,24.0,130.0,NM,NM,NM
203,C1345,North River Insurance Co.,Fairfax Financial (SNL P&C Group),2169779.0,622721.0,548533.0,0.04,0.07,0.1,377.0,714.0,1033.0,-30.65,23.99,-4.87
204,C143,Berkley Casualty Co.,W. R. Berkley Corp. (SNL P&C Group),109456.0,31912.0,186951.0,0.04,0.02,0.04,376.0,222.0,377.0,75.58,65.16,17
205,C2978,Citizens Ins Co of the Midwest,The Hanover Insurance Group (SNL P&C Group),127751.0,127697.0,1016176.0,0.04,0.04,0.05,373.0,387.0,470.0,-47.05,1.05,54.71
206,C1293,Nationwide Agribusiness Ins Co,Nationwide (SNL P&C Group),1597274.0,238688.0,1333229.0,0.03,0.03,0.04,364.0,345.0,403.0,-21.53,-36.57,31.08
207,C617,Executive Risk Indemnity Inc.,Chubb (SNL P&C Group),8167863.0,1940392.0,332385.0,0.03,0.03,0.03,361.0,311.0,269.0,6.85,28.85,19.68
208,C750,SiriusPoint America Ins Co.,Sirius (SNL P&C Group),2738877.0,639707.0,577722.0,0.03,0.31,0.26,360.0,3356.0,2727.0,116.03,114.36,80.94
209,C1137,Meridian Security Insurance Co,Liberty Mutual (SNL P&C Group),95254.0,33255.0,13677.0,0.03,0.04,0.04,359.0,438.0,407.0,39.57,51.64,35.44
210,C457,Wellfleet Insurance Co.,Berkshire Hathaway Inc. (SNL P&C Group),298867.0,67832.0,267121.0,0.03,0.02,0.02,357.0,224.0,192.0,-2.74,78.81,27.85
211,C1344,North Pointe Insurance Co.,QBE (SNL P&C Group),24967.0,19385.0,95561.0,0.03,0.02,0.01,345.0,233.0,88.0,NM,NM,NM
212,C3849,Employers Compensation Ins Co.,Employers (SNL P&C Group),615429.0,222411.0,73864.0,0.03,0.04,0.02,343.0,387.0,186.0,60.1,4.64,24.8
213,C747,Florists' Mutual Insurance Co.,Sentry (SNL P&C Group),171721.0,37414.0,31581.0,0.03,0.01,0.03,340.0,90.0,342.0,39.38,81.99,-5.95
214,C133,American Interstate Ins Co.,AMERISAFE (SNL P&C Group),889150.0,235091.0,218569.0,0.03,0.05,0.02,326.0,509.0,248.0,3.07,25.3,18
215,C1003,American Builders Ins Co.,Builders Insurance Group (SNL P&C Group),194504.0,68128.0,83791.0,0.03,0.03,0.01,326.0,358.0,150.0,26.19,348.09,143.3
216,C856,Greenwich Insurance Co.,AXA SA (SNL P&C Group),15059519.0,3656610.0,902728.0,0.03,0.02,0.01,324.0,202.0,68.0,49.08,25.15,47.19
217,C169,Great American Spirit Ins Co.,Great American Insurance (SNL P&C Group),19901.0,19880.0,233994.0,0.03,0.04,0.04,303.0,402.0,369.0,49.6,12.54,33.28
218,C2021,Westfield National Ins Co.,Westfield Insurance (SNL P&C Group),951860.0,384482.0,299061.0,0.03,0.06,0.07,303.0,654.0,765.0,11.11,152.75,40.08
219,C1995,West American Insurance Co.,Liberty Mutual (SNL P&C Group),57442.0,52751.0,388638.0,0.03,0.02,0.04,297.0,247.0,382.0,52.24,136.15,137.98
220,C1453,Pekin Insurance Co.,Pekin Insurance (SNL P&C Group),302521.0,124220.0,406155.0,0.03,0.0,0.0,296.0,0.0,0.0,108,NM,NM
221,C1736,State Auto P&C Insurance Co.,Liberty Mutual (SNL P&C Group),283979.0,193659.0,254232.0,0.03,0.04,0.06,292.0,407.0,619.0,92.16,321.05,-98.88
222,C540,Dakota Truck Underwriters,Dakota (SNL P&C Group),249877.0,113818.0,71894.0,0.03,0.02,0.02,292.0,187.0,171.0,43.78,42.79,72.47
223,C749,Constitution Insurance Co.,,45102.0,27551.0,1602.0,0.03,0.01,0.0,287.0,94.0,0.0,56.38,61.36,NM
224,C1523,GuideOne Insurance Co.,GuideOne Insurance (SNL P&C Group),1531279.0,574700.0,480442.0,0.03,0.03,0.04,286.0,319.0,466.0,-41.17,-1.65,7.95
225,C3760,ACIG Insurance Co.,American Contractors Insurance (SNL P&C Group),714613.0,196952.0,28298.0,0.03,0.06,0.08,286.0,676.0,783.0,-6.1,27.9,27.52
226,C1299,Nationwide P&C Insurance Co.,Nationwide (SNL P&C Group),411263.0,46051.0,1415463.0,0.03,0.03,0.02,277.0,336.0,171.0,148.22,70.36,117.84
227,C2961,First Dakota Indemnity Co.,Dakota (SNL P&C Group),117041.0,46355.0,89962.0,0.03,0.02,0.01,276.0,259.0,112.0,72.96,187.17,55.04
228,C9251,Westfield Champion Ins Co,Westfield Insurance (SNL P&C Group),11030.0,8659.0,63726.0,0.03,0.03,0.02,270.0,315.0,175.0,40.91,31.27,35.48
229,C384,CorePointe Insurance Co.,AmTrust Financial (SNL P&C Group),28630.0,26643.0,180777.0,0.02,0.02,0.0,261.0,185.0,18.0,52.99,22.35,6.12
230,C6402,Eastern Advantage Assurance Co,ProAssurance Corp. (SNL P&C Group),73980.0,11294.0,34975.0,0.02,0.03,0.02,260.0,338.0,194.0,27.45,64.94,118.62
231,C1688,Imperium Insurance Co.,Skyward Spclty Ins Grp (SNL P&C Group),666882.0,165500.0,427841.0,0.02,0.02,0.02,255.0,254.0,238.0,348.61,84.48,-83.77
232,C1328,Stonington Insurance Co.,QBE (SNL P&C Group),18480.0,17256.0,22607.0,0.02,-0.02,0.1,255.0,-218.0,1070.0,NM,139.5,11.47
233,C1320,New York Marine & Genl Ins Co.,Coaction (SNL P&C Group),2709498.0,675139.0,679148.0,0.02,0.03,0.04,249.0,354.0,403.0,19.52,60.09,25.65
234,C1836,Tri-State Insurance Co. of MN,W. R. Berkley Corp. (SNL P&C Group),330651.0,46336.0,334167.0,0.02,0.04,0.03,241.0,480.0,331.0,46.56,49.35,-13.99
235,C1381,Ohio Casualty Insurance Co.,Liberty Mutual (SNL P&C Group),9437236.0,2886558.0,1230502.0,0.02,0.03,0.02,236.0,302.0,202.0,-86.21,57.56,39.69
236,C1252,National American Insurance Co,,476264.0,118569.0,313020.0,0.02,0.02,0.03,234.0,202.0,275.0,101.13,19.83,409.59
237,C577,EastGUARD Insurance Co.,Berkshire Hathaway Inc. (SNL P&C Group),424503.0,94254.0,15312.0,0.02,0.01,0.01,232.0,136.0,136.0,38.9,15.81,NM
238,C7911,OBI National Insurance Co.,Intact Financial Corp. (SNL P&C Group),13797.0,13753.0,41388.0,0.02,0.02,0.02,226.0,270.0,214.0,2.34,-15.62,16.75
239,C848,Great Northern Insurance Co.,Chubb (SNL P&C Group),654166.0,444946.0,1504460.0,0.02,0.04,0.04,218.0,390.0,430.0,-39.58,-24,-50.36
240,C679,Federated Service Insurance Co,Federated Insurance (SNL P&C Group),702658.0,368947.0,304428.0,0.02,0.02,0.05,217.0,210.0,520.0,-51.91,-4.74,36.71
241,C1819,TransGuard Ins Co. of Am Inc.,IAT Insurance (SNL P&C Group),733407.0,300256.0,213152.0,0.02,0.01,0.0,217.0,101.0,33.0,96.14,-75.14,171.99
242,C1611,RLI Insurance Co.,RLI (SNL P&C Group),3620048.0,1787312.0,1047436.0,0.02,0.02,0.02,207.0,214.0,197.0,251.51,16.82,13.15
243,C9202,Chiron Insurance Co.,Pharmacists Mutual (SNL P&C Group),27849.0,16365.0,16454.0,0.02,0.02,0.02,202.0,186.0,182.0,46.19,54.23,34.93
244,C6194,Merchants Preferred Ins Co.,Merchants Insurance (SNL P&C Group),131197.0,40263.0,142049.0,0.02,0.01,0.02,194.0,141.0,158.0,2.59,-11.7,6.26
245,C226,WCF Select Insurance Co.,WCF Insurance (SNL P&C Group),29459.0,28978.0,80633.0,0.02,0.03,0.0,188.0,360.0,0.0,-3.99,41.68,NM
246,C1876,Berkley National Insurance Co.,W. R. Berkley Corp. (SNL P&C Group),207435.0,93381.0,612523.0,0.02,0.02,0.02,187.0,183.0,191.0,-13.71,126.65,60.64
247,C1642,Samsung Fire & Marine Ins Co.,,190326.0,96878.0,162775.0,0.02,0.01,0.01,182.0,138.0,76.0,15.67,35.15,4.81
248,C1372,Oak River Insurance Co.,Berkshire Hathaway Inc. (SNL P&C Group),1417495.0,819384.0,181665.0,0.02,0.02,0.01,180.0,174.0,71.0,67.73,118.04,NM
249,C9252,Westfield Touchstone Ins Co.,Westfield Insurance (SNL P&C Group),9212.0,8555.0,30076.0,0.02,0.01,0.01,177.0,105.0,56.0,88.03,-35.24,267.84
250,C3142,Arch Property Casualty Ins Co.,Arch Capital (SNL P&C Group),150473.0,150009.0,1980.0,0.02,0.0,0.0,174.0,0.0,0.0,56.65,NM,NM
251,C1847,Truck Insurance Exchange,Farmers Insurance (SNL P&C Group),3006277.0,949525.0,1645294.0,0.02,0.02,0.02,171.0,227.0,184.0,58,-68.3,-59.54
252,C81,American Automobile Ins Co.,Allianz (SNL P&C Group),205938.0,88510.0,255157.0,0.02,0.03,0.01,164.0,284.0,150.0,56.11,29.65,0.65
253,C245,Atlantic Specialty Ins Co.,Intact Financial Corp. (SNL P&C Group),4817776.0,1056482.0,1401847.0,0.02,0.02,0.02,163.0,190.0,215.0,-24.52,-46.55,40.03
254,C3774,iQUE Insurance Co.,Wilmington Holdings GP LLC (SNL P&C Group),44258.0,11209.0,13833.0,0.01,0.01,0.04,148.0,122.0,373.0,-36.9,103.15,NM
255,C524,Crum & Forster Indemnity Co.,Fairfax Financial (SNL P&C Group),105731.0,32894.0,147115.0,0.01,0.01,0.01,146.0,98.0,130.0,-31.55,100.91,17.92
256,C1181,Midwest Employers Casualty Co.,W. R. Berkley Corp. (SNL P&C Group),221231.0,136502.0,383396.0,0.01,0.01,0.01,137.0,159.0,74.0,-23.52,-23.77,54.59
257,C4004,AmFed National Insurance Co.,Ascot (SNL P&C Group),170581.0,75580.0,35199.0,0.01,0.0,,136.0,0.0,,94.06,NM,
258,C1164,Mid-Century Insurance Co.,Farmers Insurance (SNL P&C Group),8362956.0,4757402.0,2332699.0,0.01,0.01,0.02,133.0,161.0,177.0,36.66,188.92,115.94
259,C90,American Compensation Ins Co.,Liberty Mutual (SNL P&C Group),30889.0,28275.0,6187.0,0.01,0.03,0.05,133.0,356.0,543.0,46.27,57.25,-49.71
260,C787,General Casualty Co. of WI,QBE (SNL P&C Group),1681161.0,288446.0,109889.0,0.01,0.03,0.09,128.0,284.0,932.0,-73.94,373.42,26.21
261,C935,Illinois Casualty Co.,,218779.0,68279.0,103149.0,0.01,0.01,0.02,127.0,111.0,255.0,29.05,-84.25,76.01
262,C1844,AmTrust Insurance Co.,AmTrust Financial (SNL P&C Group),69581.0,66664.0,294844.0,0.01,0.02,0.0,124.0,195.0,27.0,16.31,-50.22,NM
263,C1298,Nationwide Mutual Insurance Co,Nationwide (SNL P&C Group),50617729.0,20927296.0,3436706.0,0.01,0.01,0.0,124.0,136.0,33.0,-7.34,-76.56,NM
264,C1478,Pharmacists Mutual Ins Co.,Pharmacists Mutual (SNL P&C Group),342693.0,95190.0,141115.0,0.01,0.01,0.02,124.0,148.0,228.0,-2.94,-17.94,43.75
265,C643,Farmers Insurance Exchange,Farmers Insurance (SNL P&C Group),25492914.0,5959051.0,6633735.0,0.01,0.03,0.04,115.0,370.0,429.0,-49.77,-66.61,-3.75
266,C4564,Prescient National Ins Co.,,134349.0,80200.0,35730.0,0.01,0.0,0.01,113.0,-14.0,78.0,39.91,0,0
267,C1368,NOVA Casualty Co.,The Hanover Insurance Group (SNL P&C Group),102607.0,101654.0,177370.0,0.01,0.01,0.04,109.0,152.0,400.0,79.17,-12.28,61.11
268,C163,American Select Insurance Co.,Westfield Insurance (SNL P&C Group),357919.0,143019.0,791565.0,0.01,0.02,0.02,109.0,182.0,206.0,-16.27,174.17,100.29
269,C5038,TNUS Insurance Co.,Tokio Marine (SNL P&C Group),70544.0,67640.0,5962.0,0.01,0.01,0.01,105.0,75.0,72.0,NM,171.57,20.31
270,C689,Rural Trust Insurance Co.,,60184.0,16539.0,45463.0,0.01,0.01,0.01,104.0,104.0,124.0,245.89,-15.14,7.29
271,C213,Argonaut-Midwest Insurance Co.,Brookfield Wealth Solutions Lt (SNL P&C Group),27438.0,18315.0,34285.0,0.01,0.02,0.01,98.0,204.0,107.0,70.2,42.46,6.27
272,C1465,PA Manufacturers Indemnity Co.,Old Republic Insurance (SNL P&C Group),309726.0,93864.0,156017.0,0.01,0.01,0.02,98.0,123.0,183.0,416.71,-3.63,NM
273,C9249,Westfield Superior Ins Co,Westfield Insurance (SNL P&C Group),12438.0,8738.0,76650.0,0.01,0.01,0.0,95.0,59.0,24.0,18.59,24.4,33.32
274,C1289,National Trust Insurance Co.,FCCI (SNL P&C Group),44544.0,42964.0,118843.0,0.01,0.03,0.05,93.0,336.0,490.0,-56.46,-4.36,22.82
275,C1269,NGM Insurance Co.,American Family Insurance (SNL P&C Group),646182.0,620018.0,329993.0,0.01,0.01,0.01,90.0,100.0,117.0,NM,-64.5,326.87
276,C3757,Ansur America Insurance Co.,Frankenmuth Insurance (SNL P&C Group),177853.0,58650.0,2781.0,0.01,0.01,0.04,83.0,135.0,428.0,NM,NM,48.8
277,C1382,Ohio Farmers Insurance Co.,Westfield Insurance (SNL P&C Group),3936932.0,2962583.0,54445.0,0.01,0.01,0.02,81.0,73.0,159.0,3.21,80.12,27.26
278,C1675,Service Lloyds Insurance Co.,Gray Family (SNL P&C Group),448726.0,160633.0,63468.0,0.01,0.01,0.0,80.0,102.0,19.0,1.21,-8.47,-33.15
279,C1423,Pacific Employers Insurance Co,Chubb (SNL P&C Group),1005805.0,922464.0,142523.0,0.01,0.01,0.01,79.0,63.0,122.0,NM,35.08,-7.44
280,C1640,Sagamore Insurance Co.,Progressive (SNL P&C Group),219062.0,171884.0,9444.0,0.01,0.01,0.03,77.0,127.0,278.0,325.63,-49.16,-4.65
281,C703,Fireman's Fund Insurance Co.,Allianz (SNL P&C Group),2484556.0,1422152.0,1391912.0,0.01,0.01,-0.01,75.0,70.0,-77.0,434.97,223.52,NM
282,C2026,Williamsburg National Ins Co.,AF Group (SNL P&C Group),25712.0,19658.0,33791.0,0.01,0.01,0.02,74.0,64.0,166.0,95.46,-0.48,231.49
283,C51,All America Insurance Co.,Central Insurance Companies (SNL P&C Group),402288.0,184884.0,72051.0,0.01,0.0,0.0,69.0,22.0,12.0,76.25,76.44,21.75
284,C4003,AmFed Casualty Insurance Co.,Ascot (SNL P&C Group),52794.0,37950.0,43313.0,0.01,0.0,,64.0,0.0,,145.08,NM,
285,C696,WCF National Insurance Co.,WCF Insurance (SNL P&C Group),232211.0,231754.0,135494.0,0.01,0.01,0.03,63.0,126.0,299.0,293.76,-30.13,51.39
286,C1288,National Surety Corp.,Allianz (SNL P&C Group),157679.0,86501.0,16127.0,0.01,0.0,0.02,55.0,16.0,156.0,355.24,984.06,116.38
287,C840,Great American Insurance Co.,Great American Insurance (SNL P&C Group),13441770.0,3302215.0,4070636.0,0.01,0.0,0.0,55.0,44.0,29.0,NM,40.52,NM
288,C1294,Nationwide General Ins Co.,Nationwide (SNL P&C Group),1178822.0,301394.0,2018420.0,0.01,0.01,0.0,54.0,54.0,36.0,275.36,13.98,0.11
289,C64,Allied P&C Insurance Co.,Nationwide (SNL P&C Group),159617.0,64025.0,236867.0,0.0,0.01,0.02,52.0,88.0,204.0,NM,NM,51.63
290,C9259,Westfield Premier Insurance Co,Westfield Insurance (SNL P&C Group),11111.0,8588.0,44886.0,0.0,0.0,0.0,47.0,35.0,16.0,18.75,17.5,39.56
291,C295,AIG Property Casualty Co.,AIG (SNL P&C Group),79518.0,50725.0,1289459.0,0.0,0.02,0.04,46.0,239.0,461.0,-53.64,NM,375.16
292,C1617,Rockwood Casualty Insurance Co,Brookfield Wealth Solutions Lt (SNL P&C Group),375266.0,141650.0,101514.0,0.0,0.0,0.0,46.0,15.0,15.0,245.19,3.04,-22.11
293,C1872,Union Insurance Co.,W. R. Berkley Corp. (SNL P&C Group),211053.0,53711.0,437287.0,0.0,0.0,0.0,45.0,20.0,20.0,27.37,NM,-55.04
294,C806,HDI Global Insurance Co.,HDI (SNL P&C Group),1068619.0,399080.0,774800.0,0.0,0.0,0.01,45.0,49.0,62.0,30.32,NM,90.37
295,C292,National Builders Ins Co.,Builders Insurance Group (SNL P&C Group),127754.0,43422.0,29259.0,0.0,0.0,0.0,41.0,23.0,27.0,-5.37,27.87,5.16
296,C111,American Fire & Casualty Co.,Liberty Mutual (SNL P&C Group),48106.0,45916.0,240256.0,0.0,0.01,0.01,39.0,75.0,122.0,NM,74.66,129.9
297,C4212,Frank Winston Crum Ins Co,,277375.0,66102.0,80505.0,0.0,0.0,0.0,32.0,29.0,33.0,16.3,0,0
298,C1184,GuideOne Specialty Ins Co.,GuideOne Insurance (SNL P&C Group),311169.0,83425.0,63243.0,0.0,0.01,0.01,32.0,75.0,137.0,10.24,-70.32,73.35
299,C1816,Trans Pacific Insurance Co.,Tokio Marine (SNL P&C Group),79789.0,64195.0,23470.0,0.0,0.0,0.01,31.0,35.0,126.0,NM,NM,NM
300,C267,Badger Mutual Insurance Co.,,186614.0,47494.0,137300.0,0.0,0.0,0.0,31.0,20.0,23.0,NM,822.64,0
301,C1514,GuideOne Elite Insurance Co.,GuideOne Insurance (SNL P&C Group),34229.0,28971.0,68499.0,0.0,0.0,0.0,30.0,32.0,32.0,NM,239.87,4.89
302,C1129,Merchants Mutual Insurance Co.,Merchants Insurance (SNL P&C Group),897801.0,275199.0,305861.0,0.0,0.01,0.01,30.0,99.0,103.0,-65.3,34.54,-4.3
303,C593,Westport Insurance Corp.,Swiss Re (SNL P&C Group),816933.0,167077.0,961.0,0.0,0.0,0.0,26.0,20.0,0.0,NM,70.96,NM
304,C503,Continental Western Ins Co.,W. R. Berkley Corp. (SNL P&C Group),198818.0,112544.0,249652.0,0.0,0.0,0.02,25.0,40.0,204.0,NM,67.58,7.42
305,C2956,Ameritrust Insurance Corp.,AF Group (SNL P&C Group),25945.0,19925.0,7637.0,0.0,0.0,0.0,25.0,11.0,26.0,75.8,25.23,23.6
306,C1942,Utica Mutual Insurance Co.,Utica National Insurance Group (SNL P&C Group),4128864.0,1569379.0,417357.0,0.0,0.0,0.0,24.0,23.0,27.0,NM,NM,2.81
307,C501,Continental Indemnity Co.,Applied Underwriters (SNL P&C Group),757004.0,317966.0,180316.0,0.0,0.02,0.04,18.0,216.0,366.0,NM,197.94,525.69
308,C1182,Midwest Family Mutual Ins Co.,Midwest Family (SNL P&C Group),505319.0,140741.0,271667.0,0.0,0.0,0.0,18.0,17.0,0.0,0,0,NM
309,C4376,Midwest Insurance Co.,Midwest Financial Hldgs LLC (SNL P&C Group),178946.0,88640.0,33119.0,0.0,0.0,0.0,17.0,0.0,0.0,43.64,NM,NM
310,C712,Firemen's Ins Co. of WA D.C.,W. R. Berkley Corp. (SNL P&C Group),132064.0,37798.0,280605.0,0.0,0.01,0.02,16.0,62.0,166.0,160.44,133.75,177.12
311,C3625,Safety First Insurance Co.,Tokio Marine (SNL P&C Group),116943.0,63898.0,50731.0,0.0,0.0,0.0,14.0,-18.0,22.0,433.06,NM,-23.17
312,C1330,Riverport Insurance Co.,W. R. Berkley Corp. (SNL P&C Group),108137.0,58062.0,60178.0,0.0,0.0,0.0,12.0,5.0,20.0,0.59,47.29,4.79
313,C73,AMCO Insurance Co.,Nationwide (SNL P&C Group),560196.0,205756.0,346540.0,0.0,0.02,0.05,9.0,242.0,497.0,460.46,78.66,NM
314,C3884,Bloomington Comp Insurance Co.,Liberty Mutual (SNL P&C Group),13476.0,12953.0,4808.0,0.0,0.01,0.02,8.0,63.0,181.0,7.17,32.58,37.13
315,C438,Nationwide Assurance Co.,Nationwide (SNL P&C Group),217205.0,63959.0,320818.0,0.0,0.01,0.01,8.0,108.0,85.0,96.86,14.02,-88.1
316,C920,Midvale Indemnity Co.,American Family Insurance (SNL P&C Group),131557.0,19333.0,684093.0,0.0,0.0,0.0,7.0,0.0,0.0,50.91,NM,NM
317,C9489,Pekin Select Insurance Co.,Pekin Insurance (SNL P&C Group),8296.0,8253.0,7437.0,0.0,,,6.0,,,237.61,,
318,C102,American Family Home Ins Co.,Munich Re (SNL P&C Group),128229.0,53522.0,249181.0,0.0,0.0,0.0,5.0,6.0,0.0,51.35,34.86,NM
319,C839,Gray Insurance Co.,Gray & Co. (SNL P&C Group),569869.0,255294.0,130723.0,0.0,0.0,0.0,4.0,1.0,0.0,50.24,31.22,NM
320,C2039,Harleysville Worcester Ins Co.,Nationwide (SNL P&C Group),91844.0,57960.0,52001.0,0.0,0.0,0.01,2.0,6.0,55.0,NM,192.67,238.28
321,C1604,Republic-Franklin Insurance Co,Utica National Insurance Group (SNL P&C Group),173991.0,81554.0,430415.0,0.0,0.0,0.0,1.0,1.0,2.0,3.51,-3.47,-3.73
322,C928,Harleysville Preferred Ins Co.,Nationwide (SNL P&C Group),66740.0,53385.0,19200.0,0.0,0.0,-0.02,1.0,5.0,-217.0,NM,NM,NM
323,C1723,St. Paul Fire & Marine Ins Co.,Travelers (SNL P&C Group),26662915.0,7744915.0,318142.0,0.0,0.0,0.0,1.0,0.0,0.0,NM,NM,NM
324,C1770,T.H.E. Insurance Co.,AXA SA (SNL P&C Group),61915.0,57812.0,27117.0,0.0,0.0,0.01,1.0,14.0,82.0,NM,NM,356.87
325,C989,Old Repub General Ins Corp.,Old Republic Insurance (SNL P&C Group),2600738.0,658605.0,21870.0,0.0,0.0,0.0,1.0,4.0,-28.0,NM,NM,NM
326,C392,ACE Fire Underwriters Ins Co,Chubb (SNL P&C Group),143146.0,90862.0,172166.0,0.0,0.0,0.0,1.0,1.0,0.0,NM,NM,NM
327,C8775,OBI America Insurance Co.,Intact Financial Corp. (SNL P&C Group),15815.0,15774.0,785.0,0.0,0.0,0.0,1.0,1.0,1.0,NM,NM,NM
328,C7443,Starr Surplus Lines Ins Co.,Starr Cos. (SNL P&C Group),1871608.0,582143.0,2979132.0,0.0,0.0,0.0,1.0,0.0,1.0,-10.2,44.32,35
329,C619,Explorer Insurance Co.,ICW (SNL P&C Group),1022253.0,251570.0,35272.0,0.0,0.0,0.0,0.0,1.0,0.0,-5.69,5.48,0
330,C318,Crestbrook Insurance Co.,Nationwide (SNL P&C Group),217987.0,82434.0,417562.0,0.0,0.0,0.0,0.0,2.0,47.0,NM,NM,69.49
331,C78,American Alternative Ins Corp.,Munich Re (SNL P&C Group),634066.0,204447.0,728538.0,0.0,0.0,0.0,0.0,0.0,0.0,NM,NM,NM
332,C1468,PA National Mutual Cas Ins Co.,Penn National Insurance (SNL P&C Group),1662777.0,837003.0,734504.0,0.0,0.0,0.0,0.0,1.0,2.0,-30.77,-20.38,-12.84
333,C1475,Petroleum Casualty Co.,,30938.0,24080.0,2899.0,0.0,0.0,0.0,0.0,0.0,0.0,0,0,0
334,C9141,MW Family Advantage Ins Co,Midwest Family (SNL P&C Group),18819.0,16234.0,9358.0,0.0,0.0,0.0,0.0,1.0,1.0,0,0,0
335,C1987,Wausau Underwriters Ins Co.,Liberty Mutual (SNL P&C Group),117636.0,79425.0,258933.0,0.0,0.0,0.0,0.0,0.0,1.0,NM,NM,NM
336,C11,Accredited Surety & Cas Co.,Accredited Am Ins Hldg Corp. (SNL P&C Group),594861.0,52094.0,601398.0,0.0,0.0,0.0,0.0,0.0,0.0,-14.81,17.96,NM
337,C1905,U.S. Fidelity & Guaranty Co.,Travelers (SNL P&C Group),4262258.0,964030.0,127.0,0.0,0.0,0.0,-1.0,0.0,-1.0,NM,NM,NM
338,C1052,Liberty Mutual Insurance Co.,Liberty Mutual (SNL P&C Group),74539484.0,27435067.0,3341079.0,0.0,0.0,0.0,-2.0,-3.0,0.0,NM,NM,NM
339,C3630,Employers Insurance Co. of NV,Employers (SNL P&C Group),375519.0,261929.0,-491.0,0.0,0.01,0.01,-9.0,86.0,96.0,76.16,-21.6,75.14
340,C685,Fidelity & Guaranty Ins Co.,Travelers (SNL P&C Group),55448.0,22214.0,461743.0,0.0,0.0,0.0,-11.0,-3.0,-19.0,NM,NM,NM
341,C9236,Mobilitas Insurance Co.,CSAA Insurance Exchange (SNL P&C Group),1220142.0,14691.0,115205.0,0.0,0.0,0.0,-11.0,27.0,0.0,NM,44.66,NM
342,C121,American Home Assurance Co.,AIG (SNL P&C Group),19071533.0,5415334.0,451307.0,0.0,0.01,-0.01,-22.0,137.0,-69.0,NM,NM,NM
343,C1081,MAG Mutual Insurance Co.,MagMutual (SNL P&C Group),2888875.0,1066791.0,369003.0,0.0,0.03,0.04,-43.0,357.0,402.0,NM,-4.55,7.54
344,C939,Illinois National Insurance Co,AIG (SNL P&C Group),56248.0,36498.0,143857.0,-0.01,0.0,-0.02,-58.0,-53.0,-172.0,NM,NM,NM
345,C1197,Harleysville Insurance Co.,Nationwide (SNL P&C Group),138967.0,74884.0,103195.0,-0.01,0.04,0.02,-67.0,387.0,255.0,NM,154.39,66.86
"If a company's or a group's most recent period of available data is more current than the period selected for the report, that company's or groupâ€™s financials will be included in the report and industry totals as long as the company or group existed as a filing entity in the specified period.",,,,,,,,,,,,,,,
"Market share information is presented on an ""as-is"" (pro-forma) basis based upon current filing sector and group composition. This may impact prior year figures resulting from changes in corporate structure or filer type (e.g. Life & Health to Health). For questions or to perform an ""as-was"" (as-reported) analysis that incorporates market share regardless of ownership changes or filer type please contact support.capitaliqpro@spglobal.com. Note that this does not apply to the ""P&C Combined as-was view.""",,,,,,,,,,,,,,,
